,loss_train,loss_val,time_forecast
0,1.1541262865066528,1.1140670776367188,5.0
