,loss_train,loss_val,time_forecast
0,1.1093801259994507,1.109601616859436,3.0
