,loss_train,loss_val,time_forecast
0,2.4664230346679688,1.0884636640548706,3.0
