,loss_train,loss_val,time_forecast
0,1.1882375478744507,1.1155993938446045,1.0
