,loss_train,loss_val,time_forecast
0,1.0896059274673462,1.1242029666900635,1.0
