,loss_train,loss_val,time_forecast
0,1.0136122703552246,1.0343577861785889,2.0
1,1.1128348112106323,1.1215013265609741,2.0
2,1.1376224756240845,1.1182790994644165,2.0
3,1.1175568103790283,1.0916908979415894,2.0
4,1.1319724321365356,1.1766982078552246,2.0
