,loss_train,loss_val,time_forecast
0,1.091391682624817,1.0801047086715698,2.0
1,1.1143640279769897,1.0906012058258057,2.0
2,1.0840963125228882,1.100461721420288,2.0
3,1.0457168817520142,1.0533498525619507,2.0
4,1.0407639741897583,1.067040205001831,2.0
