,loss_train,loss_val,time_forecast
0,1.1755937337875366,1.1006141901016235,3.0
