,loss_train,loss_val,time_forecast
0,1.1067821979522705,1.1074318885803223,1.0
