,loss_train,loss_val,time_forecast
0,0.7820953726768494,0.7049387097358704,1.0
